timestamp,mode,throughput_mbps,previous_throughput_mbps,buffer_sec,latency_ms,packet_loss_pct,jitter_ms,current_quality,selected_quality,selected_bitrate_kbps,confidence,risk_score,protection_action,reason
1779952162.024,ai,1.036,1.605,17.654,40.6,0.49,11.2,0,0,400,0.831,,,stable network
1779952164.054,ai,1.036,1.036,17.654,40.5,0.5,11.1,0,0,400,0.873,,,stable network
1779952166.027,ai,1.036,1.036,17.654,40.3,0.5,10.6,0,0,400,0.874,,,stable network
1779952168.051,ai,1.036,1.036,17.654,39.9,0.5,9.9,0,0,400,0.874,,,stable network
1779952169.663,ai,1.818,1.036,16.318,39.4,0.49,8.9,0,0,400,0.552,,,stable network
1779952172.414,ai,2.68,1.5,17.388,39,0.5,8,0,1,1000,0.836,,,stable network
1779952174.418,ai,2.887,2.68,15.536,39.5,0.5,9,1,1,1000,0.918,,,stable network
1779952176.424,ai,3.065,2.887,13.406,40,0.49,10,1,1,1000,0.917,,,stable network
1779952178.424,ai,3.19,3.065,16.344,40.3,0.48,10.7,1,1,1000,0.924,,,stable network
1779952180.447,ai,3.25,3.19,14.226,40.6,0.47,11.1,1,1,1000,0.896,,,stable network
1779952182.439,ai,3.233,3.25,17.159,40.6,0.45,11.2,1,1,1000,0.891,,,stable network
1779952184.423,ai,3.14,3.233,15.043,40.5,0.44,10.9,1,1,1000,0.899,,,stable network
1779952186.431,ai,2.977,3.14,13.175,40.2,0.42,10.3,1,1,1000,0.9,,,stable network
1779952188.414,ai,2.759,2.977,15.845,39.7,0.4,9.5,1,1,1000,0.909,,,stable network
1779952190.434,ai,2.505,2.759,13.964,39.2,0.42,8.5,1,1,1000,0.878,,,stable network
1779952192.423,ai,2.239,2.505,16.633,39.3,0.44,8.6,1,1,1000,0.79,,,stable network
1779952194.439,ai,1.986,2.239,14.773,39.8,0.46,9.6,1,1,1000,0.638,,,stable network
1779952196.419,ai,1.768,1.986,17.459,40.2,0.47,10.4,1,1,1000,0.547,,,stable network
1779952198.425,ai,1.605,1.768,15.597,40.5,0.49,11,1,0,400,0.831,,,stable network
1779952200.432,ai,1.143,1.605,13.464,40.6,0.49,11.2,0,0,400,0.891,,,stable network
1779952202.426,ai,1.168,1.143,16.4,40.5,0.5,11.1,0,0,400,0.889,,,stable network
1779952204.431,ai,1.168,1.168,14.268,40.3,0.5,10.6,0,0,400,0.895,,,stable network
1779952206.426,ai,1.163,1.168,16.948,39.9,0.5,9.9,0,0,400,0.887,,,stable network
1779952208.425,ai,1.818,1.163,15.081,39.4,0.49,8.9,0,0,400,0.541,,,stable network
1779952210.429,ai,2.006,1.818,12.956,39.1,0.48,8.2,0,1,1000,0.614,,,stable network
1779952212.428,ai,2.197,2.006,15.892,39.6,0.47,9.2,1,1,1000,0.751,,,stable network
1779952214.434,ai,2.369,2.197,13.774,40.1,0.45,10.1,1,1,1000,0.853,,,stable network
1779952216.522,ai,2.501,2.369,16.713,93,0.43,10.8,1,1,1000,0.858,,,stable network
1779952218.438,ai,2.58,2.501,14.571,40.6,0.41,11.1,1,1,1000,0.912,,,stable network
1779952220.433,ai,2.595,2.58,17.518,40.6,0.41,11.2,1,1,1000,0.896,,,stable network
1779952222.415,ai,2.548,2.595,15.381,40.4,0.43,10.8,1,1,1000,0.912,,,stable network
1779952224.43,ai,2.444,2.548,17.235,40.1,0.45,10.2,1,1,1000,0.872,,,stable network
1779952226.429,ai,2.298,2.444,15.115,39.7,0.46,9.3,1,1,1000,0.829,,,stable network
1779952228.42,ai,2.127,2.298,13.255,39.1,0.48,8.3,1,1,1000,0.753,,,stable network
1779952230.443,ai,1.956,2.127,11.121,39.4,0.49,8.8,1,1,1000,0.619,,,stable network
1779952232.419,ai,1.805,1.956,9.27,39.9,0.5,9.7,1,0,400,0.555,,,stable network
1779952234.432,ai,1.696,1.805,7.13,40.3,0.5,10.5,0,0,400,0.67,,,stable network
1779952236.439,ai,1.168,1.696,5.263,40.5,0.5,11,0,0,400,0.911,,,stable network
1779952238.432,ai,1.168,1.168,3.149,40.6,0.5,11.2,0,0,400,0.93,,,stable network
1779952240.426,ai,1.168,1.168,1.273,40.5,0.49,11,0,0,400,0.965,,,low buffer
1779952242.425,ai,1.168,1.168,0,40.3,0.48,10.5,0,0,400,0.965,,,low buffer
1779952244.426,ai,2.117,1.168,0,39.9,0.46,9.7,0,0,400,0.805,,,low buffer
1779952246.428,ai,2.361,2.117,0,39.4,0.44,8.7,0,0,400,0.843,,,low buffer
1779952248.433,ai,2.617,2.361,0,39.2,0.43,8.3,0,0,400,0.905,,,low buffer
1779952250.422,ai,2.862,2.617,0,39.7,0.41,9.3,0,0,400,0.882,,,low buffer
1779952253.035,ai,3.07,2.862,0,40.1,0.41,10.2,0,0,400,0.893,,,low buffer
1779952255.021,ai,3.223,3.07,0,40.4,0.43,10.9,0,0,400,0.87,,,low buffer
1779952257.031,ai,3.306,3.223,0,40.6,0.45,11.2,0,0,400,0.868,,,low buffer
1779952259.022,ai,3.31,3.306,0,40.6,0.47,11.1,0,0,400,0.881,,,low buffer
1779952261.029,ai,3.238,3.31,0,40.4,0.48,10.8,0,0,400,0.886,,,low buffer
1779952263.023,ai,3.096,3.238,0,40,0.49,10.1,0,0,400,0.879,,,low buffer
1779952265.05,ai,2.901,3.096,0,39.6,0.5,9.2,0,0,400,0.859,,,low buffer
1779952267.032,ai,2.672,2.901,0,39.1,0.5,8.1,0,0,400,0.879,,,low buffer
1779952269.036,ai,2.434,2.672,0,39.5,0.5,8.9,0,0,400,0.85,,,low buffer
1779952271.029,ai,2.21,2.434,0,39.9,0.49,9.9,0,0,400,0.807,,,low buffer
1779952273.037,ai,1.168,2.21,0,40.3,0.48,10.6,0,0,400,0.94,,,low buffer
1779952275.031,ai,1.168,1.168,0,40.5,0.47,11.1,0,0,400,0.965,,,low buffer
1779952277.022,ai,1.168,1.168,0,40.6,0.46,11.2,0,0,400,0.971,,,low buffer
1779952279.017,ai,1.168,1.168,0,40.5,0.44,11,0,0,400,0.954,,,low buffer
1779952281.026,ai,1.876,1.168,0,40.2,0.42,10.4,0,0,400,0.805,,,low buffer
1779952283.029,ai,1.99,1.876,0,39.8,0.4,9.6,0,0,400,0.792,,,low buffer
1779952285.029,ai,2.139,1.99,0,39.3,0.42,8.6,0,0,400,0.789,,,low buffer
1779952287.027,ai,2.302,2.139,0,39.2,0.44,8.5,0,0,400,0.833,,,low buffer
1779952289.027,ai,2.456,2.302,0,39.7,0.46,9.5,0,0,400,0.871,,,low buffer
1779952291.015,ai,2.581,2.456,0,40.2,0.47,10.3,0,0,400,0.897,,,low buffer
1779952293.027,ai,2.657,2.581,0,40.5,0.48,10.9,0,0,400,0.898,,,low buffer
1779952295.02,ai,2.674,2.657,0,40.6,0.49,11.2,0,0,400,0.9,,,low buffer
1779952297.027,ai,2.626,2.674,0,40.6,0.5,11.1,0,0,400,0.9,,,low buffer
1779952299.037,ai,2.514,2.626,0,40.3,0.5,10.7,0,0,400,0.889,,,low buffer
1779952301.03,ai,2.35,2.514,0,40,0.5,10,0,0,400,0.835,,,low buffer
1779952303.051,ai,2.15,2.35,0,39.5,0.49,9,0,0,400,0.792,,,low buffer
1779952305.04,ai,1.935,2.15,0,39,0.48,8,0,0,400,0.807,,,low buffer
1779952307.045,ai,1.727,1.935,0,39.5,0.47,9.1,0,0,400,0.829,,,low buffer
1779952309.024,ai,1.168,1.727,0,40,0.45,10,0,0,400,0.976,,,low buffer
1779952311.028,ai,1.168,1.168,0,40.4,0.43,10.7,0,0,400,0.953,,,low buffer
1779952318.027,ai,1.168,1.168,0,40.6,0.41,11.1,0,0,400,0.959,,,low buffer
1779952339.799,ai,1.168,1.168,0,40.6,0.41,11.2,0,0,400,0.959,,,low buffer
1779952340.428,ai,1.483,1.168,0,40.4,0.43,10.9,0,0,400,0.953,,,low buffer
1779952342.433,ai,1.648,1.483,0,40.1,0.44,10.3,0,0,400,0.866,,,low buffer
1779952344.431,ai,1.867,1.648,0,39.7,0.46,9.4,0,0,400,0.842,,,low buffer
1779952346.426,ai,2.122,1.867,0,39.2,0.48,8.4,0,0,400,0.791,,,low buffer
1779952348.427,ai,2.388,2.122,0,39.3,0.49,8.6,0,0,400,0.838,,,low buffer
1779952350.429,ai,2.641,2.388,0,39.8,0.5,9.6,0,0,400,0.901,,,low buffer
1779952352.426,ai,2.857,2.641,0,40.2,0.5,10.4,0,0,400,0.884,,,low buffer
1779952354.427,ai,3.019,2.857,0,40.5,0.5,11,0,0,400,0.898,,,low buffer
1779952356.438,ai,3.111,3.019,0,40.6,0.5,11.2,0,0,400,0.877,,,low buffer
1779952358.42,ai,3.13,3.111,0,40.5,0.49,11.1,0,0,400,0.879,,,low buffer
1779952360.418,ai,3.076,3.13,0,40.3,0.48,10.6,0,0,400,0.879,,,low buffer
1779952362.436,ai,2.96,3.076,0,39.9,0.46,9.8,0,0,400,0.87,,,low buffer
1779952364.426,ai,2.797,2.96,0,39.4,0.45,8.9,0,0,400,0.86,,,low buffer
1779952366.437,ai,2.609,2.797,0,39.1,0.43,8.2,0,0,400,0.89,,,low buffer
1779952368.476,ai,1.448,2.609,0,39.6,0.41,9.2,0,0,400,0.918,,,low buffer
1779952370.449,ai,1.277,1.448,0,40.1,0.41,10.1,0,0,400,0.954,,,low buffer
1779952372.426,ai,1.168,1.277,0,40.4,0.43,10.8,0,0,400,0.96,,,low buffer
1779952374.413,ai,1.168,1.168,0,40.6,0.45,11.1,0,0,400,0.965,,,low buffer
1779952376.433,ai,2.025,1.168,16.68,40.6,0.47,11.2,0,1,1000,0.595,,,stable network
1779952378.424,ai,2.074,2.025,16.163,40.4,0.48,10.8,1,1,1000,0.727,,,stable network
1779952380.422,ai,2.179,2.074,17.131,40.1,0.49,10.2,1,1,1000,0.772,,,stable network
1779952382.423,ai,2.327,2.179,15.264,39.6,0.5,9.3,1,1,1000,0.845,,,stable network
1779952384.424,ai,2.497,2.327,13.143,39.1,0.5,8.3,1,1,1000,0.88,,,stable network
1779952386.418,ai,2.669,2.497,16.078,39.4,0.5,8.8,1,1,1000,0.915,,,stable network
1779952388.467,ai,2.818,2.669,13.963,39.9,0.49,9.8,1,1,1000,0.913,,,stable network
1779952390.434,ai,2.926,2.818,16.892,40.3,0.49,10.5,1,1,1000,0.92,,,stable network
1779952392.425,ai,1.34,2.926,14.777,101.6,1.89,33.1,1,0,400,0.795,,,stable network
1779952394.436,ai,1.331,1.34,17.639,101.8,1.83,33.6,0,0,400,0.939,,,stable network
1779952396.423,ai,1.29,1.331,15.58,101.5,1.76,33,0,0,400,0.964,,,stable network
1779952398.441,ai,0.913,1.29,13.714,185.2,3.8,60.3,0,0,400,0.984,,,packet loss
1779952400.429,ai,0.917,0.913,16.396,182.9,3.62,55.7,0,0,400,0.977,,,packet loss
1779952402.437,ai,0.917,0.917,14.53,180,3.76,50.1,0,0,400,0.979,,,packet loss
1779952404.417,ai,0.914,0.917,17.213,179,3.93,48,0,0,400,0.968,,,packet loss
1779952406.425,ai,0.961,0.914,15.074,172.2,7.39,84.3,0,0,400,0.997,,,packet loss
1779952408.428,ai,0.961,0.961,13.227,176.1,7.64,92.2,0,0,400,0.996,,,packet loss
1779952410.416,ai,0.966,0.961,15.89,178.9,7.85,97.8,0,0,400,1,,,packet loss
1779952412.43,ai,0.966,0.966,14.037,180.3,8,100.6,0,0,400,0.996,,,packet loss
1779952414.416,ai,0.968,0.966,16.716,180.1,8.1,100.2,0,0,400,0.994,,,packet loss
1779952416.426,ai,0.968,0.968,14.856,178.4,8.12,96.7,0,0,400,0.997,,,packet loss
1779952419.038,ai,0.968,0.968,13.441,175.3,8.09,90.5,0,0,400,0.996,,,packet loss
1779952421.034,ai,0.968,0.968,13.441,171.2,7.99,82.3,0,0,400,0.996,,,packet loss
1779952423.014,ai,0.968,0.968,13.441,166.5,7.83,72.9,0,0,400,0.996,,,packet loss
1779952425.005,ai,0.968,0.968,13.441,170.3,7.62,80.5,0,0,400,0.996,,,packet loss
1779952427.011,ai,0.968,0.968,13.441,174.5,7.37,89.1,0,0,400,0.996,,,packet loss
1779952429.008,ai,0.968,0.968,13.441,177.9,7.08,95.7,0,0,400,0.996,,,packet loss
1779952431.006,ai,0.968,0.968,13.441,179.9,6.76,99.8,0,0,400,0.996,,,packet loss
1779952432.996,ai,0.968,0.968,13.441,180.4,6.56,100.7,0,0,400,0.996,,,packet loss
1779952435.006,ai,0.968,0.968,13.441,179.3,6.88,98.6,0,0,400,0.996,,,packet loss
1779952436.998,ai,0.968,0.968,13.441,176.7,7.19,93.5,0,0,400,0.996,,,packet loss
1779952439.007,ai,0.968,0.968,13.441,173,7.47,86,0,0,400,0.996,,,packet loss
1779952441.005,ai,0.968,0.968,13.441,168.5,7.71,77,0,0,400,0.996,,,packet loss
1779952442.998,ai,0.968,0.968,13.441,168.3,7.9,76.6,0,0,400,0.996,,,packet loss
1779952445.003,ai,0.968,0.968,13.441,172.8,8.04,85.6,0,0,400,0.996,,,packet loss
1779952446.819,ai,0.968,0.968,13.441,176.6,8.11,93.2,0,0,400,0.996,,,packet loss
1779952448.41,ai,0.973,0.968,16.905,179.2,8.12,98.4,0,0,400,0.999,,,packet loss
1779952451.012,ai,0.973,0.973,15.371,180.4,8.07,100.7,0,0,400,0.997,,,packet loss
1779952453.001,ai,0.973,0.973,15.371,179.9,7.95,99.9,0,0,400,0.997,,,packet loss
1779952454.931,ai,0.973,0.973,15.371,178,7.78,96,0,0,400,0.997,,,packet loss
1779952456.41,ai,0.973,0.973,14.042,174.7,7.55,89.4,0,0,400,0.996,,,packet loss
1780291555.503,ai,4.872,1.5,17.677,39,0.5,8,0,2,2500,0.481,,,stable network
1780291557.499,ai,5.25,4.872,25.361,39.5,0.5,9,2,2,2500,0.943,,,stable network
1780291559.476,ai,5.572,5.25,28.3,40,0.49,10,2,2,2500,0.931,,,stable network
1780291561.496,ai,5.801,5.572,26.176,40.3,0.48,10.7,2,2,2500,0.944,,,stable network
1780291563.477,ai,5.908,5.801,28.858,40.6,0.47,11.1,2,2,2500,0.958,,,stable network
1780291565.491,ai,5.878,5.908,26.973,40.6,0.45,11.2,2,2,2500,0.958,,,stable network
1780291567.524,ai,5.709,5.878,24.86,40.5,0.44,10.9,2,2,2500,0.956,,,stable network
1780291569.495,ai,5.413,5.709,27.796,40.2,0.42,10.3,2,2,2500,0.943,,,stable network
1780291571.521,ai,5.017,5.413,25.663,39.7,0.4,9.5,2,2,2500,0.922,,,stable network
1780291573.486,ai,4.555,5.017,28.619,39.2,0.42,8.5,2,2,2500,0.879,,,stable network
1780291575.51,ai,4.071,4.555,26.485,39.3,0.44,8.6,2,2,2500,0.555,,,stable network
1780291577.52,ai,3.61,4.071,29.239,39.8,0.46,9.6,2,1,1000,0.821,,,stable network
1780291579.505,ai,3.214,3.61,17.709,40.2,0.47,10.4,1,1,1000,0.862,,,stable network
1780291581.517,ai,2.918,3.214,15.85,40.5,0.49,11,1,1,1000,0.894,,,stable network
1780291583.525,ai,0.982,2.918,13.723,40.6,0.49,11.2,1,0,400,0.712,,,stable network
1780291585.518,ai,0.945,0.982,16.65,40.5,0.5,11.1,0,0,400,0.899,,,stable network
1780291587.493,ai,1.039,0.945,14.51,40.3,0.5,10.6,0,0,400,0.899,,,stable network
1780291589.525,ai,1.248,1.039,17.326,39.9,0.5,9.9,0,0,400,0.891,,,stable network
1780291591.481,ai,3.306,1.248,15.339,39.4,0.49,8.9,0,1,1000,0.827,,,stable network
1780291593.529,ai,3.647,3.306,13.481,39.1,0.48,8.2,1,1,1000,0.897,,,stable network
1780291595.486,ai,3.995,3.647,16.156,39.6,0.47,9.2,1,1,1000,0.687,,,stable network
1780291597.48,ai,4.307,3.995,14.292,40.1,0.45,10.1,1,2,2500,0.521,,,stable network
1780291599.498,ai,4.548,4.307,25.449,40.4,0.43,10.8,2,2,2500,0.719,,,stable network
1780291601.504,ai,4.69,4.548,23.327,40.6,0.41,11.1,2,2,2500,0.84,,,stable network
1780291603.491,ai,1.336,4.69,21.457,180.2,6.64,100.5,2,0,400,0.712,,,packet loss
1780291605.482,ai,1.311,1.336,15.654,178.8,6.96,97.6,0,0,400,0.999,,,packet loss
1780291607.479,ai,1.258,1.311,17.505,175.9,7.26,91.8,0,0,400,0.998,,,packet loss
1780291609.509,ai,1.183,1.258,15.376,171.9,7.53,83.9,0,0,400,0.997,,,packet loss
1780291611.476,ai,1.095,1.183,13.523,167.3,7.76,74.6,0,0,400,0.997,,,packet loss
1780291613.472,ai,1.007,1.095,11.393,169.4,7.94,78.9,0,0,400,0.997,,,packet loss
1780291615.489,ai,0.929,1.007,9.526,173.8,8.06,87.7,0,0,400,0.997,,,packet loss
1780291617.49,ai,0.873,0.929,7.406,177.4,8.12,94.7,0,0,400,0.997,,,packet loss
1780291619.525,ai,0.348,0.873,5.555,179.6,8.11,99.3,0,0,400,0.997,,,"limited throughput, packet loss"
1780291621.506,ai,0.357,0.348,3.43,180.4,8.04,100.8,0,0,400,1,,,"limited throughput, packet loss"
1780291623.53,ai,0.403,0.357,1.565,179.6,7.91,99.2,0,0,400,1,,,"low buffer, limited throughput, packet loss"
1780291625.494,ai,1.706,0.403,0,40.3,0.48,10.5,0,0,400,0.883,,,low buffer
1780291627.504,ai,3.849,1.706,0,39.9,0.46,9.7,0,0,400,0.893,,,low buffer
1780291629.485,ai,4.293,3.849,0,39.4,0.44,8.7,0,0,400,0.827,,,low buffer
1780291631.494,ai,4.759,4.293,0,39.2,0.43,8.3,0,0,400,0.818,,,low buffer
1780291633.49,ai,5.203,4.759,0,39.7,0.41,9.3,0,0,400,0.831,,,low buffer
1780291635.49,ai,5.582,5.203,0,40.1,0.41,10.2,0,0,400,0.83,,,low buffer
